testname,category,urlpath,mode,header_name,vulnerable
BenchmarkTest02200,pathtraver-02,/pathtraver-02/BenchmarkTest02200,param,,false
BenchmarkTest00659,cmdi-00,/cmdi-00/BenchmarkTest00659,param,,false
BenchmarkTest00393,xss-00,/xss-00/BenchmarkTest00393,param,,false
BenchmarkTest02467,pathtraver-03,/pathtraver-03/BenchmarkTest02467,param,,false
BenchmarkTest00928,sqli-01,/sqli-01/BenchmarkTest00928,param,,false
BenchmarkTest00895,cmdi-01,/cmdi-01/BenchmarkTest00895,param,,false
BenchmarkTest00884,xss-01,/xss-01/BenchmarkTest00884,param,,false
BenchmarkTest00718,xss-01,/xss-01/BenchmarkTest00718,param,,false
BenchmarkTest02462,pathtraver-02,/pathtraver-02/BenchmarkTest02462,param,,false
BenchmarkTest00648,xss-01,/xss-01/BenchmarkTest00648,param,,false
BenchmarkTest02252,cmdi-02,/cmdi-02/BenchmarkTest02252,param,,false
BenchmarkTest02695,xss-05,/xss-05/BenchmarkTest02695,param,,false
BenchmarkTest01791,cmdi-02,/cmdi-02/BenchmarkTest01791,param,,false
BenchmarkTest00620,pathtraver-00,/pathtraver-00/BenchmarkTest00620,param,,false
BenchmarkTest01819,sqli-04,/sqli-04/BenchmarkTest01819,param,,false
BenchmarkTest01570,pathtraver-01,/pathtraver-01/BenchmarkTest01570,param,,false
BenchmarkTest00408,cmdi-00,/cmdi-00/BenchmarkTest00408,param,,false
BenchmarkTest00406,cmdi-00,/cmdi-00/BenchmarkTest00406,param,,false
BenchmarkTest00625,pathtraver-00,/pathtraver-00/BenchmarkTest00625,param,,false
BenchmarkTest00881,xss-01,/xss-01/BenchmarkTest00881,param,,false
BenchmarkTest00889,xss-01,/xss-01/BenchmarkTest00889,param,,false
BenchmarkTest01747,pathtraver-02,/pathtraver-02/BenchmarkTest01747,param,,false
BenchmarkTest02122,xss-03,/xss-03/BenchmarkTest02122,param,,false
BenchmarkTest00394,xss-00,/xss-00/BenchmarkTest00394,param,,false
BenchmarkTest01804,sqli-03,/sqli-03/BenchmarkTest01804,param,,false
BenchmarkTest00844,sqli-01,/sqli-01/BenchmarkTest00844,param,,false
BenchmarkTest02398,xss-04,/xss-04/BenchmarkTest02398,param,,false
BenchmarkTest02206,pathtraver-02,/pathtraver-02/BenchmarkTest02206,param,,false
BenchmarkTest02283,sqli-05,/sqli-05/BenchmarkTest02283,param,,false
BenchmarkTest01555,sqli-03,/sqli-03/BenchmarkTest01555,param,,false
